{"order": 2, "grams": {"Am": {"a": 1.0}, "ma": {"m": 0.2, "r": 0.2, "p": 0.2, "n": 0.4}, "am": {"b": 0.5, "i": 0.25, "a": 0.25}, "mb": {"a": 0.2, "y": 0.2, "i": 0.4, "o": 0.2}, "ba": {"y": 0.25, "'": 0.5, "r": 0.25}, "An": {"a": 0.5, "g": 0.5}, "na": {"i": 0.5, "m": 0.5}, "\u00c1r": {"a": 1.0}, "Ar": {"a": 1.0}, "ra": {"m": 0.05555555555555555, "p": 0.1111111111111111, "s": 0.2222222222222222, "n": 0.16666666666666666, "r": 0.05555555555555555, "v": 0.1111111111111111, "t": 0.05555555555555555, "i": 0.05555555555555555, "h": 0.1111111111111111, "k": 0.05555555555555555}, "ap": {"y": 0.7777777777777778, "u": 0.2222222222222222}, "as": {"y": 0.2857142857142857, "e": 0.14285714285714285, "u": 0.42857142857142855, "\u00ea": 0.14285714285714285}, "Ja": {"s": 0.6666666666666666, "k": 0.3333333333333333}, "su": {"k": 0.5, "n": 0.5}, "uk": {"a": 0.3333333333333333, "u": 0.6666666666666666}, "Je": {"r": 1.0}, "er": {"u": 0.16666666666666666, "a": 0.8333333333333334}, "ru": {"t": 0.3333333333333333, "s": 0.3333333333333333, "k": 0.3333333333333333}, "ut": {"i": 1.0}, "Ke": {"r": 1.0}, "an": {"a": 0.2857142857142857, "d": 0.42857142857142855, "g": 0.2857142857142857}, "Ko": {"'": 1.0}, "o'": {"\u00ea": 0.8333333333333334, "a": 0.16666666666666666}, "'\u00ea": {"t": 0.3333333333333333, "j": 0.6666666666666666}, "\u00eat": {"\u00ee": 1.0}, "\u00eaj": {"u": 1.0}, "Ku": {"r": 0.3333333333333333, "a": 0.6666666666666666}, "ur": {"u": 0.6666666666666666, "i": 0.3333333333333333}, "us": {"u": 1.0}, "Ma": {"i": 0.6666666666666666, "r": 0.3333333333333333}, "ai": {"n": 0.3333333333333333, "r": 0.3333333333333333, "t": 0.3333333333333333}, "in": {"u": 1.0}, "nu": {"m": 1.0}, "um": {"b": 1.0}, "Mi": {"m": 1.0}, "im": {"b": 1.0}, "Mb": {"y": 0.3333333333333333, "u": 0.16666666666666666, "a": 0.5}, "by": {"a": 1.0}, "ya": {" ": 1.0}, "a ": {"K": 0.5, "P": 0.5}, " K": {"o": 1.0}, "bu": {"r": 1.0}, "ku": {"j": 0.25, "r": 0.25, "a": 0.5}, "uj": {"a": 1.0}, "Pa": {"k": 0.5, "n": 0.5}, "ak": {"u": 0.6, "a": 0.4}, "Po": {"r": 0.3333333333333333, "t": 0.6666666666666666}, "or": {"\u00e3": 0.5, "y": 0.5}, "r\u00e3": {"s": 1.0}, "\u00e3s": {"y": 1.0}, "Py": {"k": 1.0}, "yk": {"a": 1.0}, "ka": {"s": 0.25, "i": 0.25, "p": 0.25, "t": 0.25}, "Sy": {"p": 1.0}, "yp": {"a": 1.0}, "pa": {"v": 1.0}, "av": {"\u00ea": 0.4, "e": 0.2, "u": 0.2, "y": 0.2}, "Ta": {"k": 0.2857142857142857, "j": 0.2857142857142857, "t": 0.42857142857142855}, "ua": {" ": 0.25, "p": 0.25, "r": 0.5}, " P": {"o": 1.0}, "ot": {"y": 1.0}, "aj": {"y": 1.0}, "jy": {" ": 0.5, "v": 0.5}, "y ": {"P": 0.3333333333333333, "K": 0.6666666666666666}, "Yr": {"a": 1.0}, "s\u00ea": {"m": 1.0}, "\u00eam": {"a": 1.0}, "Ys": {"a": 0.75, "y": 0.25}, "sa": {"p": 0.75, "n": 0.25}, "py": {" ": 0.2857142857142857, "r": 0.2857142857142857, "s": 0.14285714285714285, "t": 0.2857142857142857}, "sy": {"r": 1.0}, "yr": {"y": 0.75, "e": 0.25}, "Yv": {"a": 0.3333333333333333, "e": 0.3333333333333333, "o": 0.3333333333333333}, "va": {"g": 1.0}, "ag": {"a": 0.5, "u": 0.5}, "ve": {"r": 1.0}, "vo": {"t": 1.0}, "ng": {"a": 0.6666666666666666, "y": 0.3333333333333333}, "ga": {"t": 0.6666666666666666, "r": 0.3333333333333333}, "at": {"u": 0.5, "i": 0.125, "a": 0.375}, "tu": {"p": 1.0}, "up": {"y": 0.5, "a": 0.25, "\u00e3": 0.25}, "nd": {"u": 0.75, "y": 0.25}, "ys": {"a": 1.0}, "du": {" ": 1.0}, "ar": {"e": 0.2222222222222222, "u": 0.1111111111111111, "a": 0.5555555555555556, "y": 0.1111111111111111}, "re": {"s": 0.6666666666666666, "n": 0.3333333333333333}, "es": {"a": 0.5, "\u00ea": 0.5}, "yt": {"u": 1.0}, "un": {"u": 1.0}, "ti": {"r": 1.0}, "ir": {"i": 0.5, "a": 0.5}, "Ch": {"a": 1.0}, "ha": {"v": 1.0}, "vu": {"k": 1.0}, "J\u00e1": {"r": 1.0}, "\u00e1r": {"a": 1.0}, "Ka": {"r": 0.5, "t": 0.5}, "ah": {"y": 1.0}, "hy": {"r": 1.0}, "it": {"e": 1.0}, "te": {"i": 1.0}, "a'": {"e": 1.0}, "'e": {"v": 0.5, "h": 0.5}, "ev": {"e": 1.0}, "eh": {"o": 1.0}, "ho": {"r": 1.0}, "\u00d1a": {"m": 1.0}, "Ru": {"p": 1.0}, "ta": {"r": 0.3333333333333333, "j": 0.3333333333333333, "p": 0.3333333333333333}, "en": {"d": 1.0}, "yv": {"a": 1.0}, "Te": {"k": 1.0}, "ek": {"o": 1.0}, "ko": {"k": 1.0}, "ok": {"a": 1.0}, "Tu": {"p": 0.5, "v": 0.5}, "p\u00e3": {" ": 1.0}, "\u00e3 ": {"\u00d1": 1.0}, " \u00d1": {"e": 1.0}, "\u00d1e": {"m": 1.0}, "em": {"b": 1.0}, "bo": {"'": 1.0}, "'a": {"g": 1.0}, "gu": {"e": 1.0}, "ue": {"r": 1.0}, "vy": {"u": 1.0}, "uv": {"i": 1.0}, "vi": {"c": 1.0}, "ic": {"h": 1.0}, "ch": {"a": 1.0}, "Yg": {"a": 1.0}}, "starts": {"Am": 0.0547945205479452, "An": 0.0273972602739726, "\u00c1r": 0.0136986301369863, "Ar": 0.136986301369863, "Ja": 0.0410958904109589, "Je": 0.0136986301369863, "Ke": 0.0136986301369863, "Ko": 0.0273972602739726, "Ku": 0.0410958904109589, "Ma": 0.0410958904109589, "Mi": 0.0136986301369863, "Mb": 0.0958904109589041, "Pa": 0.0273972602739726, "Po": 0.0136986301369863, "Py": 0.0136986301369863, "Sy": 0.0136986301369863, "Ta": 0.1232876712328767, "Yr": 0.0136986301369863, "Ys": 0.0821917808219178, "Yv": 0.0410958904109589, "Ch": 0.0136986301369863, "J\u00e1": 0.0136986301369863, "Ka": 0.0273972602739726, "\u00d1a": 0.0136986301369863, "Ru": 0.0136986301369863, "Te": 0.0136986301369863, "Tu": 0.0410958904109589, "Yg": 0.0136986301369863}, "ends": {"ay": 0.0136986301369863, "ai": 0.0273972602739726, "ra": 0.0821917808219178, "mi": 0.0136986301369863, "py": 0.0547945205479452, "sy": 0.0410958904109589, "se": 0.0136986301369863, "ka": 0.0136986301369863, "ti": 0.0136986301369863, "na": 0.0136986301369863, "t\u00ee": 0.0136986301369863, "ju": 0.0273972602739726, "su": 0.0273972602739726, "by": 0.0136986301369863, "bi": 0.0273972602739726, "ya": 0.0273972602739726, "'\u00ea": 0.0273972602739726, "ja": 0.0136986301369863, "ri": 0.0273972602739726, "v\u00ea": 0.0273972602739726, "ua": 0.0136986301369863, "ty": 0.0410958904109589, "pu": 0.0273972602739726, "jy": 0.0273972602739726, "ma": 0.0136986301369863, "ry": 0.0684931506849315, "ga": 0.0136986301369863, "du": 0.0410958904109589, "sa": 0.0136986301369863, "ru": 0.0136986301369863, "tu": 0.0547945205479452, "gy": 0.0136986301369863, "nu": 0.0136986301369863, "ku": 0.0136986301369863, "hy": 0.0136986301369863, "s\u00ea": 0.0136986301369863, "ei": 0.0136986301369863, "dy": 0.0136986301369863, "va": 0.0136986301369863, "p\u00e3": 0.0136986301369863, "yu": 0.0136986301369863, "ha": 0.0136986301369863}}