{"order": 2, "grams": {"Ac": {"a": 0.6666666666666666, "o": 0.3333333333333333}, "ca": {"t": 0.631578947368421, "u": 0.10526315789473684, "c": 0.05263157894736842, "n": 0.05263157894736842, "m": 0.05263157894736842, "e": 0.05263157894736842, "y": 0.05263157894736842}, "at": {"z": 0.11428571428571428, "l": 0.8285714285714286, "e": 0.02857142857142857, "i": 0.02857142857142857}, "tz": {"i": 0.6888888888888889, "a": 0.17777777777777778, "c": 0.06666666666666667, "m": 0.022222222222222223, "p": 0.022222222222222223, "t": 0.022222222222222223}, "zi": {"n": 0.78125, "l": 0.125, "t": 0.09375}, "au": {"a": 0.2, "h": 0.6, "t": 0.2}, "ua": {"l": 0.34782608695652173, "c": 0.17391304347826086, "p": 0.043478260869565216, "t": 0.17391304347826086, "x": 0.043478260869565216, "u": 0.13043478260869565, "n": 0.08695652173913043}, "al": {"x": 0.10526315789473684, "t": 0.15789473684210525, "l": 0.18421052631578946, "c": 0.18421052631578946, "i": 0.13157894736842105, "m": 0.02631578947368421, "o": 0.10526315789473684, "p": 0.02631578947368421, "z": 0.02631578947368421, "n": 0.02631578947368421, "a": 0.02631578947368421}, "lx": {"o": 0.5, "\u00f3": 0.25, "i": 0.25}, "xo": {"c": 1.0}, "oc": {"h": 0.84, "\u00f3": 0.04, "a": 0.04, "o": 0.04, "i": 0.04}, "ch": {"i": 0.7941176470588235, "t": 0.14705882352941177, "o": 0.058823529411764705}, "hi": {"t": 0.40625, "u": 0.09375, "c": 0.15625, "l": 0.09375, "m": 0.09375, "o": 0.03125, "q": 0.0625, "y": 0.0625}, "it": {"l": 0.8055555555555556, "z": 0.16666666666666666, "e": 0.027777777777777776}, "co": {"a": 0.46153846153846156, "m": 0.07692307692307693, "y": 0.15384615384615385, "z": 0.07692307692307693, "l": 0.07692307692307693, "h": 0.07692307692307693, "t": 0.07692307692307693}, "oa": {"t": 1.0}, "Ah": {"u": 1.0}, "hu": {"i": 0.43333333333333335, "a": 0.5333333333333333, "e": 0.03333333333333333}, "ui": {"z": 0.08333333333333333, "t": 0.5416666666666666, "c": 0.16666666666666666, "a": 0.16666666666666666, "l": 0.041666666666666664}, "iz": {"o": 0.2, "t": 0.6, "i": 0.2}, "zo": {"t": 0.16666666666666666, "h": 0.5, "m": 0.16666666666666666, "l": 0.16666666666666666}, "ot": {"l": 0.7857142857142857, "o": 0.03571428571428571, "z": 0.14285714285714285, "e": 0.03571428571428571}, "Am": {"e": 1.0}, "me": {"y": 0.5, "c": 0.5}, "ey": {"a": 0.5, "o": 0.5}, "ya": {"l": 0.3333333333333333, "h": 0.16666666666666666, "o": 0.16666666666666666, "m": 0.16666666666666666, "n": 0.16666666666666666}, "lt": {"z": 0.7692307692307693, "o": 0.07692307692307693, "l": 0.07692307692307693, "i": 0.07692307692307693}, "An": {"\u00e1": 1.0}, "n\u00e1": {"h": 1.0}, "\u00e1h": {"u": 1.0}, "Aq": {"u": 1.0}, "qu": {"e": 0.375, "i": 0.625}, "ue": {"t": 0.75, "l": 0.08333333333333333, "c": 0.16666666666666666}, "et": {"z": 0.7857142857142857, "l": 0.21428571428571427}, "za": {"l": 0.6666666666666666, "c": 0.08333333333333333, "t": 0.08333333333333333, "h": 0.16666666666666666}, "ll": {"i": 0.9375, "a": 0.0625}, "At": {"l": 0.5, "o": 0.25, "z": 0.25}, "tl": {"a": 0.35135135135135137, "i": 0.5945945945945946, "e": 0.05405405405405406}, "la": {"c": 0.13636363636363635, "n": 0.2727272727272727, "l": 0.2727272727272727, "x": 0.09090909090909091, "h": 0.045454545454545456, "y": 0.045454545454545456, "z": 0.09090909090909091, "q": 0.045454545454545456}, "ac": {"a": 0.36363636363636365, "h": 0.09090909090909091, "o": 0.2727272727272727, "t": 0.18181818181818182, "i": 0.09090909090909091}, "an": {"x": 0.08333333333333333, "i": 0.3333333333333333, "a": 0.08333333333333333, "t": 0.16666666666666666, "e": 0.25, "y": 0.08333333333333333}, "nx": {"o": 1.0}, "to": {"t": 0.4, "n": 0.6}, "Au": {"a": 1.0}, "ht": {"l": 0.6666666666666666, "z": 0.2, "o": 0.06666666666666667, "e": 0.06666666666666667}, "Az": {"c": 0.5, "t": 0.5}, "zc": {"a": 0.6666666666666666, "o": 0.16666666666666666, "u": 0.16666666666666666}, "zt": {"l": 0.7272727272727273, "a": 0.2727272727272727}, "Ch": {"a": 0.375, "i": 0.625}, "ha": {"l": 1.0}, "lc": {"h": 0.375, "\u00f3": 0.5, "a": 0.125}, "iu": {"h": 0.7142857142857143, "i": 0.14285714285714285, "x": 0.14285714285714285}, "uh": {"t": 0.5, "z": 0.125, "c": 0.125, "u": 0.125, "x": 0.125}, "li": {"c": 0.07142857142857142, "n": 0.5, "h": 0.14285714285714285, "x": 0.07142857142857142, "q": 0.07142857142857142, "p": 0.07142857142857142, "y": 0.07142857142857142}, "ic": {"u": 0.15384615384615385, "h": 0.07692307692307693, "o": 0.3076923076923077, "a": 0.23076923076923078, "\u00f3": 0.15384615384615385, "i": 0.07692307692307693}, "cu": {"e": 0.2857142857142857, "a": 0.2857142857142857, "h": 0.14285714285714285, "c": 0.14285714285714285, "i": 0.14285714285714285}, "ux": {"\u00f3": 1.0}, "x\u00f3": {"c": 1.0}, "\u00f3c": {"h": 1.0}, "il": {"k": 0.058823529411764705, "t": 0.23529411764705882, "i": 0.11764705882352941, "l": 0.23529411764705882, "o": 0.23529411764705882, "m": 0.058823529411764705, "p": 0.058823529411764705}, "lk": {"u": 1.0}, "ku": {"a": 1.0}, "om": {"e": 0.5, "a": 0.5}, "ec": {"o": 0.18181818181818182, "u": 0.2727272727272727, "a": 0.09090909090909091, "h": 0.18181818181818182, "p": 0.18181818181818182, "\u00f3": 0.09090909090909091}, "im": {"a": 1.0}, "ma": {"l": 0.5, "c": 0.16666666666666666, "n": 0.3333333333333333}, "c\u00f3": {"a": 0.8888888888888888, "y": 0.1111111111111111}, "\u00f3a": {"t": 1.0}, "lm": {"a": 0.5, "i": 0.5}, "Ci": {"h": 0.45454545454545453, "n": 0.09090909090909091, "p": 0.09090909090909091, "t": 0.36363636363636365}, "ih": {"u": 1.0}, "ap": {"i": 0.16666666666666666, "\u00e1": 0.16666666666666666, "a": 0.6666666666666666}, "pi": {"p": 0.125, "l": 0.75, "x": 0.125}, "ip": {"i": 0.25, "a": 0.5, "o": 0.25}, "te": {"o": 0.3333333333333333, "m": 0.16666666666666666, "c": 0.16666666666666666, "t": 0.16666666666666666, "n": 0.16666666666666666}, "eo": {"p": 0.25, "t": 0.5, "x": 0.25}, "op": {"i": 0.6666666666666666, "o": 0.3333333333333333}, "ix": {"q": 0.2, "\u00f3": 0.2, "c": 0.2, "t": 0.4}, "xq": {"u": 1.0}, "ax": {"o": 0.4, "\u00f3": 0.4, "i": 0.2}, "in": {"t": 0.125, "i": 0.25, "a": 0.625}, "nt": {"e": 0.5, "z": 0.5}, "pa": {"c": 0.2222222222222222, "p": 0.2222222222222222, "l": 0.3333333333333333, "n": 0.1111111111111111, "t": 0.1111111111111111}, "ct": {"l": 0.5, "o": 0.5}, "ni": {"c": 0.5, "t": 0.5}, "on": {"a": 0.6363636363636364, "q": 0.09090909090909091, "t": 0.09090909090909091, "i": 0.09090909090909091, "e": 0.09090909090909091}, "na": {"c": 0.09090909090909091, "l": 0.6363636363636364, "h": 0.09090909090909091, "n": 0.09090909090909091, "t": 0.09090909090909091}, "Co": {"a": 0.3333333333333333, "y": 0.6666666666666666}, "oy": {"o": 1.0}, "yo": {"l": 0.5, "t": 0.5}, "ol": {"l": 0.1875, "t": 0.125, "e": 0.0625, "o": 0.375, "p": 0.0625, "c": 0.0625, "i": 0.0625, "y": 0.0625}, "Cu": {"a": 0.25, "e": 0.25, "i": 0.5}, "Eh": {"\u00e9": 1.0}, "h\u00e9": {"c": 1.0}, "\u00e9c": {"a": 1.0}, "Hu": {"i": 1.0}, "lo": {"p": 0.05263157894736842, "t": 0.631578947368421, "c": 0.05263157894736842, "n": 0.15789473684210525, "h": 0.05263157894736842, "x": 0.05263157894736842}, "po": {"c": 1.0}, "Il": {"h": 1.0}, "lh": {"u": 1.0}, "am": {"i": 0.5, "a": 0.5}, "mi": {"n": 0.6666666666666666, "z": 0.3333333333333333}, "em": {"o": 0.5, "a": 0.5}, "mo": {"c": 1.0}, "Im": {"a": 1.0}, "le": {"z": 0.14285714285714285, "h": 0.14285714285714285, "l": 0.14285714285714285, "c": 0.2857142857142857, "x": 0.14285714285714285, "y": 0.14285714285714285}, "ez": {"o": 0.2857142857142857, "a": 0.2857142857142857, "c": 0.2857142857142857, "i": 0.14285714285714285}, "oh": {"t": 0.625, "u": 0.375}, "It": {"z": 1.0}, "zm": {"i": 1.0}, "zp": {"a": 1.0}, "p\u00e1": {"l": 1.0}, "\u00e1l": {"o": 1.0}, "Ix": {"c": 0.3333333333333333, "t": 0.3333333333333333, "u": 0.3333333333333333}, "xc": {"a": 0.5, "o": 0.5}, "xt": {"l": 0.8, "i": 0.2}, "xu": {"a": 1.0}, "io": {"t": 1.0}, "Iz": {"e": 0.16666666666666666, "t": 0.8333333333333334}, "ze": {"l": 1.0}, "ta": {"c": 0.3333333333333333, "p": 0.3333333333333333, "x": 0.3333333333333333}, "ci": {"h": 0.6666666666666666,